variable,count,mean,std,min,25%,50%,75%,max,original
dummy1,1000.0,-4.81434553075355e-06,0.00943111786147224,-0.0360990844751984,-0.006424827942211575,4.788613137973741e-05,0.006132415439193226,0.0341225140520329,-0.0012787658316044
dummy2,1000.0,-0.000201235638013693,0.010842384643283139,-0.0330478335301336,-0.007445347257230599,0.00011948745702555,0.006845670639608874,0.0302587814111561,-0.0165882754192239
x1,1000.0,-0.18100270814275643,3.092810430135611,-8.716300939068812,-2.32225349403964,-0.2419013912149895,1.8345656195177404,28.20373350785144,28.20373350785144
x2,1000.0,0.25266354902036575,7.894359740080513,-22.40627223017789,-4.893475954107815,0.0321692501756096,5.268700403391485,75.0525685729126,75.0525685729126
x3,1000.0,-0.027643747469741534,1.985310513397835,-5.999375868034214,-1.2909577716006204,-0.0548938854350211,1.1909746828553995,17.75308925073538,17.75308925073538
